Season,League average,Best club,Best club average
2025,21988,Atlanta United FC,43992
2024,23234,Atlanta United FC,46831
2023,22111,Atlanta United FC,47526
2022,21033,Atlanta United FC,47116
2021,—,—,—
2020,—,—,—
2019,21330,Atlanta United FC,52510
2018,21873,Atlanta United FC,53002
2017,22106,Atlanta United FC,48200
2016,21692,Seattle Sounders FC,42636
2015,21558,Seattle Sounders FC,44247
2014,19147,Seattle Sounders FC,43734
2013,18594,Seattle Sounders FC,44038
2012,18807,Seattle Sounders FC,43144
2011,17872,Seattle Sounders FC,38496
2010,16675,Seattle Sounders FC,36173
2009,16040,Seattle Sounders FC,30942
2008,16460,LA Galaxy,26008
2007,16770,LA Galaxy,24252
2006,15504,LA Galaxy,20814
2005,15108,LA Galaxy,24204
2004,15559,LA Galaxy,23809
2003,14898,LA Galaxy,21983
2002,15821,Colorado Rapids,20690
2001,14961,DC United,21518
2000,13756,LA Galaxy,20400
1999,14282,Columbus Crew,17696
1998,14312,LA Galaxy,21784
1997,14603,New England Revolution,21298
1996,17406,LA Galaxy,28916
